{
  "epochs": [
    1,
    2,
    3,
    4,
    5,
    6,
    7,
    8,
    9,
    10,
    11,
    12,
    13,
    14,
    15,
    16,
    17,
    18,
    19,
    20
  ],
  "train_loss": [
    1.0577223300933838,
    0.9210957288742065,
    0.7440731525421143,
    0.5281311869621277,
    0.33549341559410095,
    0.20087772607803345,
    0.1161569356918335,
    0.07652683556079865,
    0.06307848542928696,
    0.05803917720913887,
    0.05660159885883331,
    0.057284705340862274,
    0.05827689543366432,
    0.056029196828603745,
    0.05058328062295914,
    0.043459244072437286,
    0.035652562975883484,
    0.028079571202397346,
    0.021553071215748787,
    0.016704322770237923
  ],
  "grad_norm": [
    0.4751581821743509,
    0.4308006081648407,
    0.4351417823209083,
    0.4305234452111991,
    0.4019906805487085,
    0.36686328664869605,
    0.2988633811956255,
    0.248599124682787,
    0.22834554221083636,
    0.2013379128739573,
    0.17671551304077532,
    0.16004610108686884,
    0.15639357447148058,
    0.14620171200045748,
    0.1328141079788483,
    0.12146487742948699,
    0.11077298779356419,
    0.10111059377385964,
    0.088887500851269,
    0.08221207524735541
  ]
}